{
    "type": "crafting_shaped",
    "pattern": [
        "###",
        "#O#",
        "###"
    ],
    "key": {
        "#": [
                {"item": "minecraft:white_concrete"},
                {"item": "minecraft:orange_concrete"},
                {"item": "minecraft:magenta_concrete"},
                {"item": "minecraft:light_blue_concrete"},
                {"item": "minecraft:yellow_concrete"},
                {"item": "minecraft:lime_concrete"},
                {"item": "minecraft:pink_concrete"},
                {"item": "minecraft:gray_concrete"},
                {"item": "minecraft:light_gray_concrete"},
                {"item": "minecraft:cyan_concrete"},
                {"item": "minecraft:purple_concrete"},
                {"item": "minecraft:blue_concrete"},
                {"item": "minecraft:green_concrete"},
                {"item": "minecraft:red_concrete"},
                {"item": "minecraft:black_concrete"}
            ],
        "O": {
            "tag": "concrete_dyeing:dyes/brown_dye"
        }
    },
    "result": {
        "item": "minecraft:brown_concrete",
        "count": 8
    },
    "group": "concrete_dyeing_concrete"
}